temp,humi,soil_humi,bright,air_p,light,fan,water
17.475558695142162,57,2182,2315,988.8809077209361,0,0,1
34.160862926521446,53,1562,2356,911.648185669271,0,1,2
37.20947765180733,52,1809,1941,1087.6246020065705,0,1,2
27.278024066402544,77,1862,1065,926.7158162669734,1,1,2
28.086665842578803,65,1852,63,1056.399376633975,1,1,2
33.92308923990219,55,1988,718,1164.8278645531832,1,1,1
24.484063988138736,40,1729,1258,989.7903948417365,1,0,2
36.31688017200936,83,2167,1904,993.0321133117718,0,1,1
19.03435605637521,85,1465,1315,996.3434909735337,1,0,0
39.6672208569462,23,1587,1220,1090.1380494328712,1,1,2
19.229372649247015,29,1419,716,1108.1980724476618,1,0,0
27.265194903266845,73,1479,517,1024.1976228041408,1,1,0
16.37914706966621,11,2170,1441,1095.644967335821,1,0,1
37.11725570044674,13,2127,2156,1164.268056670139,0,1,1
35.501801124463405,74,1865,35,1115.0966939182395,1,1,2
22.39183928093609,91,1276,1185,953.804539655176,1,0,0
23.36742726315483,33,2050,1723,1129.7578961385088,0,0,1
19.306205149582862,24,1705,2674,1145.7163438246737,0,0,2
31.63994397126391,22,1814,871,1117.0963926348686,1,1,2
34.24640526947404,84,1997,1094,1024.0124148592588,1,1,1
22.603816396091627,81,2087,920,1021.078856697496,1,0,1
22.658311597412045,42,1910,1124,923.200114019579,1,0,1
19.5586768396344,99,1632,498,1135.131841145351,1,0,2
39.18394254365111,61,1376,1140,1060.8749875750764,1,1,0
31.536226459347297,11,1341,1108,1132.217816719171,1,1,0
26.03123308145924,31,2081,2307,998.9383343381035,0,0,1
38.30393503432171,72,1628,1537,1054.4097130318357,0,1,2
39.6241865983771,52,1900,2468,944.3687816482498,0,1,1
16.98070535179066,100,1626,2725,1067.9995256148977,0,0,2
17.831748435657296,89,1300,2024,919.4467265479004,0,0,0
36.170428016443466,54,1891,2090,1048.1325295949791,0,1,2
20.142508366386537,23,1543,2518,912.3711927139885,0,0,2
36.20706490454059,61,1297,523,1075.0779907722426,1,1,0
20.660600574993804,60,1908,2052,1195.1834569424054,0,0,1
35.83215030797005,95,2154,1857,998.5329380246694,0,1,1
36.40878146911072,35,1562,2710,965.5174657246812,0,1,2
35.15234786867652,75,1274,1620,1041.6844835494974,0,1,0
34.71090677123678,36,1305,668,920.360732190711,1,1,0
30.818842839660565,40,1538,1159,1172.7862009632508,1,1,2
17.244662734845157,9,1858,738,948.1492891337289,1,0,2
15.523723724329695,41,1529,1482,1154.3326295954778,1,0,2
33.86184075069308,54,2008,2668,1089.295655801989,0,1,1
38.419226332992,91,1233,278,1187.626802910842,1,1,0
39.73766830830279,59,2196,1546,944.6282499763078,0,1,1
21.747751953185396,61,2081,236,930.5390018813939,1,0,1
35.536065033069974,52,1855,2516,1030.626036679187,0,1,2
35.3455142025921,0,2021,1754,1159.3045822181707,0,1,1
20.064366931774032,10,1875,2749,1114.3452188093097,0,0,2
32.74856347925326,89,1782,1638,1133.1464558031048,0,1,2
20.113046829660576,76,1354,163,1193.474886159457,1,0,0
24.003148284626008,77,1900,2481,1092.3901760319443,0,0,1
37.7112125966211,4,2032,2123,1140.401270163181,0,1,1
37.41873553306802,35,1685,2918,1057.7690521285451,0,1,2
38.71603218938317,67,1509,2417,1041.8293714822198,0,1,2
18.127365200115,68,1271,2726,1067.1200353217419,0,0,0
16.883787538328278,51,1476,787,1035.2438955428431,1,0,0
35.3484021752759,70,1351,1195,947.8704802071148,1,1,0
23.87962527475365,61,2190,2475,1011.2545544303567,0,0,1
30.32500535123703,11,1414,2464,918.7972491562944,0,1,0
20.145076670796247,98,1359,1303,928.2635248985296,1,0,0
24.075333856211316,15,1321,1447,961.1354013381858,1,0,0
29.16614763364588,4,1453,257,988.1767880424268,1,1,0
24.722982901631966,73,1567,2444,1111.0882019819655,0,0,2
30.199815403164457,41,1255,1611,1110.9556896529023,0,1,0
20.136928811486378,29,2018,2013,976.7523937690561,0,0,1
24.67719446116724,32,1611,1232,977.0634890401864,1,0,2
26.911467713653643,14,1913,2315,1054.9966645825348,0,0,1
18.98321019326728,20,1474,1187,1023.0602578955459,1,0,0
32.15026397979363,74,1895,1099,1131.3143112544835,1,1,2
18.209383924411554,28,1848,2011,1124.1138760136437,0,0,2
31.751019535040097,49,2165,2849,1159.429634406924,0,1,1
36.45387778237492,66,1648,850,1017.0511073419718,1,1,2
36.30678992198893,28,1941,531,1088.9344112356,1,1,1
29.99704607456139,39,1560,393,1021.7545629008775,1,1,2
34.926156279939406,55,1273,2518,1121.0328407266043,0,1,0
18.10901713757087,49,1967,1439,976.0774575548032,1,0,1
25.94691750637611,27,1212,240,1057.1035620544444,1,0,0
25.950526506395946,47,1696,2047,945.1614660984526,0,0,2
17.680194781467605,90,2039,1976,1106.7999348659087,0,0,1
25.278082907041178,40,1402,2017,1136.4276854000545,0,0,0
26.783949310215277,19,1844,349,936.5626541293134,1,0,2
26.621796245432805,12,1726,2786,929.2985578204225,0,0,2
32.4688600593839,89,1441,511,1165.4525657476352,1,1,0
31.25111798327106,70,1612,165,1141.3609092805043,1,1,2
15.500129944534875,43,2150,2833,1024.813369863696,0,0,1
18.343476870848995,59,1210,1671,1124.4635812555691,0,0,0
21.69288838159689,51,1817,1320,1062.347284989503,1,0,2
28.971690080195316,53,1374,118,1035.2498157860598,1,1,0
16.229647150810575,90,1288,327,997.5245966528717,1,0,0
36.86520303363362,41,1682,1156,1147.323228108954,1,1,2
26.890430226293198,50,2185,73,1152.183045463223,1,0,1
29.508282072207436,9,1205,2265,1015.7585631875407,0,1,0
20.930850630532284,5,1304,119,1109.2069218430145,1,0,0
24.630934822192305,69,1716,2050,1110.9459599370648,0,0,2
28.60540880692161,91,1621,485,1084.834115533114,1,1,2
30.04553274736771,84,1383,1162,963.3297895383967,1,1,0
25.038430787696363,92,1900,2401,1131.485494270073,0,0,1
19.01116984174221,71,1290,1487,1106.2211548843725,1,0,0
15.013247876860905,100,1786,490,1189.8916573623724,1,0,2
30.051584358405243,54,1841,154,932.1932967092475,1,1,2
24.8068688366872,75,1972,1194,978.8781764138195,1,0,1
28.749257517310387,48,1841,2307,1097.9902889644961,0,1,2
25.30151343011964,24,1587,206,955.3328368093107,1,0,2
36.80203072647456,58,1892,2791,1099.9769915521201,0,1,2
24.936760178868106,0,2129,861,914.207097548825,1,0,1
28.549772101477995,74,1912,2073,1079.588917282594,0,1,1
16.66665125439045,28,2055,495,916.3347067820621,1,0,1
24.422605070284305,58,2182,1999,907.347050932073,0,0,1
33.91839654677878,55,1958,156,949.6984460185045,1,1,1
31.29024313523336,56,1542,1844,1071.240398172501,0,1,2
28.53478355325235,60,2162,2362,946.075759606655,0,1,1
18.897920693225355,98,2005,2607,934.5177983785529,0,0,1
26.602154823990304,75,1293,1978,1050.446583202307,0,0,0
31.390388993791767,53,1874,1380,1004.870966458778,1,1,2
23.415939549708447,59,1548,2953,1008.6470667164887,0,0,2
28.241127579187754,16,2119,1227,1146.2264652885353,1,1,1
28.78918094996802,92,1380,347,1167.4190356607262,1,1,0
23.50104008478205,42,1349,2927,918.081110520577,0,0,0
19.562537429025852,99,1573,654,972.3405844759699,1,0,2
19.878136055425983,30,1814,2760,1162.804503012217,0,0,2
25.73541939643259,27,1654,2159,1130.4283922961977,0,0,2
30.49597164488371,23,1644,1986,1146.2127382165902,0,1,2
37.71654563403037,86,1276,840,1056.0205445974048,1,1,0
30.154495121861498,2,1895,1031,1160.140294476665,1,1,2
21.004474250664813,81,1364,2835,1063.3481688886884,0,0,0
15.254496816036731,50,1459,2745,1079.4408502204158,0,0,0
34.03748037803348,32,1583,1141,986.9826969919079,1,1,2
18.73296135610014,100,1671,2026,1095.100985469458,0,0,2
33.139436087180044,96,1235,2484,1144.9559620974705,0,1,0
35.48477507543815,64,1906,1757,1040.8215352845637,0,1,1
31.086889179788997,89,1501,2024,1047.8798247892778,0,1,2
20.50518729493625,70,1422,1598,987.4064223540247,0,0,0
21.652797439700677,66,1584,1339,930.9935260283889,1,0,2
30.396272917786177,93,2164,2925,1007.5721438934838,0,1,1
39.70368001925016,48,1810,2140,991.5344824323244,0,1,2
18.612469256403546,74,1327,1804,922.5183381255792,0,0,0
34.36624091583114,88,1734,199,946.3545866185932,1,1,2
23.642255320991175,12,2187,2926,1177.1102197255252,0,0,1
17.88425237510892,2,1320,2009,1021.8316659829807,0,0,0
19.798921578923256,79,1258,1148,1035.9547586477925,1,0,0
32.897537326238634,88,1208,170,938.6714193209996,1,1,0
33.745255302323045,53,1946,2951,1067.956697661216,0,1,1
36.581552110131426,84,1782,1836,931.5476439305746,0,1,2
18.642064815966695,85,1683,2535,1199.3618857681956,0,0,2
18.056658824633537,93,1601,1801,1124.7309754950206,0,0,2
16.711056962761806,63,1749,1209,1008.6539643853989,1,0,2
22.29695083998947,2,2115,2159,1060.6228200156745,0,0,1
17.618689089970903,36,1675,327,1176.9093205263691,1,0,2
16.342924661349997,45,1449,2252,976.5340947886143,0,0,0
34.19911582293797,18,1745,2140,982.0756800564693,0,1,2
38.72717881922799,78,1756,44,1059.3881636177623,1,1,2
18.186705161590282,97,1376,1012,1021.7324044585556,1,0,0
18.077027862040435,36,1758,1085,1047.723438438746,1,0,2
28.327417832834854,46,1684,301,1072.060703374601,1,1,2
15.78686854283987,50,1793,1457,1117.2320778220146,1,0,2
24.46885054089566,45,1225,138,966.5084494306767,1,0,0
35.93923789979576,52,1616,597,1037.4731195743627,1,1,2
30.638374063840402,26,1892,2064,930.1442276171193,0,1,2
27.63944690385982,36,2033,1862,1100.8482821652474,0,1,1
30.549361631273587,9,2021,709,1035.972016159467,1,1,1
16.785299799989694,37,1878,2260,1187.2452310490248,0,0,2
38.477984411361284,53,1595,897,1057.1737431073366,1,1,2
25.306246849161475,23,1821,2717,1187.4474701827787,0,0,2
19.30239420932741,59,1915,2442,1160.6629622024705,0,0,1
33.89196261822975,79,1325,2135,1068.8840299705225,0,1,0
31.617984864999425,68,2142,2956,958.1886665887519,0,1,1
25.41904338746052,57,1582,2758,949.7916690231132,0,0,2
24.233521524560096,50,1408,161,1173.0857100552912,1,0,0
29.222463630683997,63,1712,1451,1104.124849057964,1,1,2
30.29012882317479,69,1867,1580,1092.3209075126977,0,1,2
22.98324254155967,62,1714,705,1030.672125786532,1,0,2
15.113071758043093,65,1644,2650,909.578901247624,0,0,2
18.169305621894495,51,1235,2709,1099.554638327037,0,0,0
28.17925176568124,24,2121,223,1189.5575076384694,1,1,1
16.59945980924524,47,1308,512,1183.9300330053306,1,0,0
25.63208319732277,36,1516,2415,924.2153641310574,0,0,2
23.73506657488007,80,2168,420,913.4529218445396,1,0,1
31.499629150902546,60,1698,1745,1133.922863705398,0,1,2
22.234076684446247,97,1624,1494,1072.0660738783993,1,0,2
38.60337021045888,84,1978,492,962.7105342752774,1,1,1
39.84135847336863,58,1408,2731,1089.5023365301024,0,1,0
21.824219377910033,87,1425,471,1042.4913518606775,1,0,0
20.57342120316848,73,1625,1565,1117.3295086291496,0,0,2
16.262405762382812,86,1429,1951,1014.7974605675688,0,0,0
32.60938339587645,17,1300,1391,947.7207150664551,1,1,0
27.273917208336442,25,1474,2351,908.2831448509787,0,1,0
18.01467750622454,92,2138,443,1138.8857054923606,1,0,1
35.636566429677416,54,2062,848,1125.745795074228,1,1,1
39.65838236971494,57,1227,1238,930.9390524378655,1,1,0
16.424937305105384,48,1907,1353,952.2795750459879,1,0,1
17.664778988528514,56,1665,2742,921.9538469050617,0,0,2
26.130818759569436,19,2073,169,1074.755007866673,1,0,1
25.18627096105408,51,1586,1365,900.9728171438875,1,0,2
37.0935629018753,85,1693,1768,1079.7966733574185,0,1,2
15.317109239419805,69,1386,1810,1114.4427445098831,0,0,0
25.544825715330045,95,1270,2365,938.9050549805642,0,0,0
27.378283626438495,74,1824,2988,1151.576050457445,0,1,2
33.11286050505916,2,2191,2134,1119.4562361585786,0,1,1
17.38523043002689,24,2198,2175,959.5296067058823,0,0,1
29.68789181801174,66,1653,1943,966.3891162198028,0,1,2
22.78101041727872,68,1978,2694,1077.691867548841,0,0,1
33.16777517031426,32,1677,2571,958.5217775252873,0,1,2
17.914590158733986,79,1708,2036,976.4199165033024,0,0,2
21.770161466220582,86,1779,676,1089.3160284933736,1,0,2
32.06121262552833,31,1622,123,1019.6600936919334,1,1,2
28.760717325035355,72,1979,2272,1198.0587006765304,0,1,1
31.77012589440231,59,1316,2081,1158.6823273273246,0,1,0
27.9209342472859,48,1949,745,1075.8907912157829,1,1,1
22.0993905272153,12,2188,2827,939.3929292730196,0,0,1
25.40741086751114,87,1805,1599,1106.2878505629715,0,0,2
35.020479837729084,96,2100,1865,1036.1405143601116,0,1,1
34.651177142389734,4,1830,1285,1183.8013593394885,1,1,2
16.78386081873806,29,1750,618,1164.4683152937246,1,0,2
20.334243083670238,45,1239,651,994.5914100821763,1,0,0
20.405153032473798,14,1878,1970,1077.7314333771628,0,0,2
30.729845415453322,55,1889,1907,1165.8133500949086,0,1,2
32.78761571124444,90,1673,1278,984.2845798363549,1,1,2
29.051478522256833,13,2053,1056,969.0856560604394,1,1,1
32.50406913276768,21,1755,74,1063.0348431118382,1,1,2
38.630811538173326,98,2181,46,1033.2048638390954,1,1,1
37.57814521158417,10,1705,2767,1083.7610929871025,0,1,2
39.08844609043929,17,1939,607,1096.8915281121692,1,1,1
36.08228616325767,84,1946,122,1011.6521288542386,1,1,1
26.511628808764144,13,1562,134,959.9619892574618,1,0,2
25.735528838607436,4,1700,2780,1127.28731052339,0,0,2
25.008036420001027,68,1263,2869,1036.1491856551268,0,0,0
29.723386418603106,37,2197,2676,919.1420882925752,0,1,1
15.471498118080488,63,1394,1579,909.6214209501525,0,0,0
24.51764975221549,8,1521,172,1102.8700521178544,1,0,2
20.018957391460404,77,1507,2793,926.0267275783397,0,0,2
35.76092040366286,53,1416,432,1076.014375425622,1,1,0
26.949998074661806,64,1744,79,929.9872441835964,1,0,2
23.02662447600173,4,1802,2325,1085.537606328692,0,0,2
19.734785901880475,55,1446,211,1198.0069526250732,1,0,0
20.462208698688126,86,1618,2363,1136.7224319989832,0,0,2
20.53968648853667,15,1885,335,1008.2620765783694,1,0,2
15.762086376409728,82,1945,1154,994.0302705491945,1,0,1
34.08201202916956,82,2027,1092,1086.194675437112,1,1,1
20.54480938398268,1,1632,980,1162.8839927411864,1,0,2
34.89218207262751,74,1272,1231,1027.3922197906793,1,1,0
33.42687202835695,9,2153,1470,1122.2957311598104,1,1,1
34.8579025317062,69,2172,1479,1077.7089403082966,1,1,1
29.371682990673627,7,1299,790,1024.8666688828723,1,1,0
38.017423379336634,4,1388,1326,1144.1313364994253,1,1,0
15.11184909063504,40,1392,2425,1105.4168271210483,0,0,0
16.515685927834397,57,1710,1204,1014.1920946163814,1,0,2
30.77073794072497,56,1308,1869,1152.497655352507,0,1,0
33.69204434695949,29,2177,353,1059.5539023606107,1,1,1
27.923785313910273,85,1890,2898,1113.1740829689088,0,1,2
17.01766195713344,88,1678,1898,964.8479980858184,0,0,2
39.14070591798223,18,1833,331,992.8923327558539,1,1,2
19.357501178293678,34,2008,2489,1074.7442788791307,0,0,1
23.97481196833231,83,1871,1251,1122.0880850584267,1,0,2
33.8024254311574,64,2034,917,1008.1639454054008,1,1,1
20.005181909836455,54,2117,1013,948.4674836536332,1,0,1
31.13235494116263,16,1484,410,900.7055862104776,1,1,0
20.58078726241095,14,1987,2326,1162.6118444643866,0,0,1
18.2641842115761,25,1843,1869,1066.3551512762517,0,0,2
15.781978889320333,0,1224,2726,1108.2748980137317,0,0,0
24.23509313778794,95,1749,2401,1110.012821611981,0,0,2
33.67834539531827,90,1944,1289,968.4415063177613,1,1,1
39.477585797643734,49,1624,1682,901.7423448949523,0,1,2
39.55492183412006,12,1566,2585,1168.206017861965,0,1,2
30.62703829173928,14,1337,1479,1196.9740615584103,1,1,0
15.237933953342612,19,1405,1104,1071.8798019543924,1,0,0
29.52090557886732,7,1652,415,1077.1419567181663,1,1,2
33.523208208062954,39,1913,2550,1193.9176515289923,0,1,1
28.328916647301977,1,2183,1037,1050.7135621047255,1,1,1
36.32294029370442,98,2185,2149,1073.312842792911,0,1,1
15.832237806111626,17,1572,414,1035.1612388661774,1,0,2
25.54744091969694,13,2147,2102,985.9330033223574,0,0,1
17.483424654890314,53,1915,239,954.5254725199973,1,0,1
19.267460244154975,1,1976,2028,987.4343774913676,0,0,1
29.592203525488763,71,1477,2454,991.8654325338407,0,1,0
39.3572284015234,58,1280,1976,1086.6731635512897,0,1,0
36.15499704059262,82,2154,852,984.3561737628804,1,1,1
36.674493169530265,50,1681,2921,1053.4914686004743,0,1,2
36.889985599693304,70,1436,1544,1017.0076223552682,0,1,0
36.993122198499634,8,1307,376,957.4977542621342,1,1,0
38.195347895821605,81,1391,2386,1121.2421527056736,0,1,0
32.05217044309403,50,1999,1234,1030.2107762709686,1,1,1
15.092149165921507,96,1624,2304,1072.9247422844355,0,0,2
31.00973121908825,82,1236,930,1195.7116299725515,1,1,0
20.626399730548354,83,2196,1070,1089.4222000186876,1,0,1
30.3654682609993,0,1780,89,921.7430485846478,1,1,2
34.604992035561864,72,2067,2758,1041.3212631095403,0,1,1
39.40732921367976,58,1830,2473,1036.9982527315967,0,1,2
34.778433553894644,6,2177,2396,1071.120730569637,0,1,1
32.351036935830365,54,1945,1697,1041.1015248409774,0,1,1
28.013400162553108,35,1227,1940,1118.363087196423,0,1,0
39.44256099948904,63,1288,416,1135.3695461022605,1,1,0
30.247429096753795,7,1664,724,1079.9460912942104,1,1,2
16.997537204999887,95,1792,2355,1019.011280720282,0,0,2
31.999098995563415,45,1577,1678,1037.5119264527675,0,1,2
38.55293250031543,89,2026,2257,1122.896981213879,0,1,1
21.297749586475028,9,1251,973,980.4395445438887,1,0,0
29.312273191039544,90,1803,1915,972.8203633521945,0,1,2
37.17792692379588,38,1794,1138,1047.0911963731219,1,1,2
36.47848223897742,67,1769,1764,1112.110097303559,0,1,2
17.848822091963914,38,1331,1024,1070.850268429108,1,0,0
34.6330154357607,66,1945,1154,1002.185968731992,1,1,1
18.683410479071036,93,1200,57,1006.2695129649622,1,0,0
25.53024951326303,83,1864,1490,985.7594103730338,1,0,2
22.804762471728996,24,2149,1153,982.9550356128443,1,0,1
30.74252460653656,22,1209,2194,1010.2590714983971,0,1,0
25.774864458123517,60,2039,1325,1036.2908806248945,1,0,1
24.15735811934464,18,1260,245,1075.8370563921712,1,0,0
19.022408525017394,36,1571,7,1145.9114749984963,1,0,2
20.429936982586305,53,1947,71,1110.5481370649827,1,0,1
18.2448363846748,85,1530,293,1105.352796682578,1,0,2
15.232432518812814,26,1639,324,1035.741682278156,1,0,2
17.24068865441682,65,1642,2633,1055.2051309549702,0,0,2
33.03219831810148,38,2162,1684,1158.884864411377,0,1,1
20.921204363779523,8,1405,1283,1045.7991642631532,1,0,0
15.465907346867,6,1482,2520,1124.000764178065,0,0,0
32.70958417117616,14,2032,2971,956.0327747896133,0,1,1
30.07780250937745,62,1977,1713,957.9758363267972,0,1,1
21.18524272370919,66,1357,379,1063.248197507231,1,0,0
34.5145976629603,76,2053,287,953.8970275566139,1,1,1
15.695790326185039,58,1825,1074,988.9038179144086,1,0,2
38.73820236781984,82,1824,385,1058.5289706852955,1,1,2
33.111323415294436,68,1495,119,1101.8598668225277,1,1,0
33.65121334461119,16,1687,1157,933.4783952715379,1,1,2
27.554009712419756,30,1496,292,1046.2221087857179,1,1,0
16.052259155763053,90,1829,2969,1185.666101121109,0,0,2
38.021759512651826,46,1899,2235,1067.5599707937463,0,1,2
28.52267613050099,26,1640,2687,988.5085425932948,0,1,2
28.361082377947554,72,1815,2458,1110.8763062213393,0,1,2
36.77466370557114,73,1581,2659,935.7906908099312,0,1,2
39.907995993510596,64,1534,654,1167.4624119781638,1,1,2
21.68484138922301,17,1490,898,1057.974194977094,1,0,0
21.38847346846614,67,1292,2908,1060.5544158692485,0,0,0
23.563811359634283,92,2060,1320,949.8220905366336,1,0,1
34.93385088746099,48,2044,1512,1132.2753207085466,0,1,1
19.55630875946906,99,1981,725,1153.8838499081694,1,0,1
25.674623773283706,28,1851,1731,1072.9206613309314,0,0,2
16.95415736936594,24,1813,561,1046.4580629935863,1,0,2
32.0281588905473,90,1921,1018,1190.9435295952462,1,1,1
24.578962159718444,14,1483,1247,1036.5538009042225,1,0,0
28.774958440110517,90,1456,2494,1164.7794609483954,0,1,0
17.783187962203982,23,1980,1956,1075.7977479859733,0,0,1
22.77050592446666,12,1887,2614,1108.684942958367,0,0,2
17.619752684986633,87,1398,556,931.7999612492358,1,0,0
24.89195030146209,75,1403,575,1106.6309383763892,1,0,0
34.452354854587526,20,1306,2769,1016.2262687780764,0,1,0
19.913418322624118,13,2155,705,962.1627982588568,1,0,1
31.62814528801403,93,1674,2,1062.7882222636485,1,1,2
22.4526243100389,7,2061,13,978.3472527933251,1,0,1
32.9160422781392,80,1384,1845,1072.2536454543467,0,1,0
32.6203947678422,34,1227,825,1077.0750493703886,1,1,0
33.6675585472393,6,1270,948,974.275885502643,1,1,0
35.065449525142014,81,1621,2863,1057.5758340879186,0,1,2
32.91937589147521,21,2122,2858,993.5647038594986,0,1,1
18.032985636894225,25,1770,2393,1145.9783081692908,0,0,2
25.296039593830333,11,1888,1495,1057.7956057777978,1,0,2
19.347466052357785,98,1408,2306,1160.1185991894204,0,0,0
20.127471763531737,52,2174,2354,980.3604344346247,0,0,1
28.03381882679026,76,1637,2489,1025.2472070729627,0,1,2
19.2887836780462,86,1429,312,1053.9536013609636,1,0,0
30.116561563318957,28,1772,2258,968.9854882674258,0,1,2
18.831976021166696,84,1421,1182,1178.754916582744,1,0,0
31.175857522786902,47,1338,831,1095.578819531982,1,1,0
25.94145951954348,84,1461,2164,1104.627726391307,0,0,0
26.086724825725703,79,1712,2465,1199.8836616032347,0,0,2
22.591259927120117,65,1222,1341,1126.0479826598466,1,0,0
28.807781056517747,4,1339,2894,1018.6872404710856,0,1,0
24.49208015180364,82,2110,2713,1075.155826400872,0,0,1
16.959090510858157,66,1586,2221,1026.746135063816,0,0,2
29.90013951958603,97,1224,259,1137.7700213469766,1,1,0
28.96914933047007,0,1682,21,1172.771842045831,1,1,2
36.47671375319657,39,1964,2687,1039.0752218360833,0,1,1
21.39808737862431,3,1310,2108,1165.1442326480415,0,0,0
39.157041286672,91,1722,422,1175.3081286182992,1,1,2
33.49155796942992,11,1334,272,1186.2479743828949,1,1,0
22.57254724915711,80,1746,2056,931.9654460748275,0,0,2
26.3817264896702,9,1556,1052,1166.0029139344097,1,0,2
30.321441695457324,77,1763,2107,1161.7149786743753,0,1,2
26.417214918202383,100,1592,771,921.3466459664178,1,0,2
29.24434552686543,4,1855,1706,1182.5914850907536,0,1,2
23.17235690301642,23,2152,2639,1036.2310530854982,0,0,1
37.93292325950179,16,1601,1306,1042.6950193711345,1,1,2
21.305434392316126,1,1339,1086,961.5573553241156,1,0,0
19.061287014974198,10,1845,707,1043.0762518019012,1,0,2
19.028577760274565,17,1675,1019,927.5458186133342,1,0,2
20.157526154641502,54,1887,1543,1071.4737892659023,0,0,2
26.3991629825615,64,1253,2931,1018.1759303399263,0,0,0
19.236436716937703,52,1392,1103,902.1002767664803,1,0,0
38.86379924721055,56,1781,500,915.4571251728012,1,1,2
28.201497763102367,3,1227,2581,1009.2319106481224,0,1,0
32.73734063283005,45,1769,2624,1050.5366227026313,0,1,2
28.9238521605012,70,2128,1749,924.9613854560205,0,1,1
25.899560949915863,16,1363,902,1067.5888453265527,1,0,0
37.42008226862941,89,1356,736,1132.6357307302765,1,1,0
33.63410037221911,38,1253,706,1175.8998890675657,1,1,0
30.313417785814174,28,1390,2376,1073.3962595041787,0,1,0
23.32675855484718,99,1660,2056,1175.8493220594805,0,0,2
36.637963296778686,27,1677,878,946.194539196541,1,1,2
20.604853169631006,2,1527,2422,1043.0278417521702,0,0,2
39.188280316205805,41,2052,2052,970.899749324212,0,1,1
19.17796876485402,18,1765,1304,1126.5853287479385,1,0,2
15.849418778545225,29,1249,529,1127.8852547551792,1,0,0
36.57588511242888,28,1238,2257,1063.6814467752336,0,1,0
34.67678401223691,76,1721,2699,1007.2832799083811,0,1,2
24.864294464079816,49,1245,1959,1157.8373881668554,0,0,0
32.68737374457007,24,1817,2092,965.542715266445,0,1,2
37.27061911973999,4,2141,2010,1012.5147341474409,0,1,1
34.05443641205199,31,1671,1276,1062.496798138922,1,1,2
21.246874724450656,42,1738,2334,1186.3611999161333,0,0,2
29.355543466445496,15,1216,1182,928.3467469374978,1,1,0
33.32477662763494,17,1871,563,1133.6904210804669,1,1,2
21.61554550837004,75,2020,1263,941.741422674284,1,0,1
17.360012530349717,25,1861,1185,1022.4690821189002,1,0,2
16.84887247459477,42,1870,901,988.1064038484812,1,0,2
18.711127970168526,39,2091,2402,914.6926762491063,0,0,1
33.53225142432002,84,1390,1138,1076.4317127212307,1,1,0
24.993112265244225,41,1948,1555,1141.8242075502653,0,0,1
18.508438104446178,37,1513,1541,1045.9375806905948,0,0,2
25.45106148044986,99,1751,739,981.0548552945124,1,0,2
31.65305337283568,11,1263,1783,1154.0324634889953,0,1,0
30.284428384206294,4,1254,2322,1081.7880086026996,0,1,0
39.075907931450054,25,1756,2585,960.4510095117621,0,1,2
35.14572410514109,49,2073,1473,1040.803752789792,1,1,1
36.594275557783035,43,1908,1463,1177.1903441333743,1,1,1
26.135657689762372,32,1562,571,906.225745202515,1,0,2
15.721830388419226,3,1567,2018,1031.294737465257,0,0,2
37.01363961454864,30,1696,2076,1015.4503279261037,0,1,2
23.85946197514172,9,1662,428,991.6289057411559,1,0,2
22.070256917176735,69,1771,1219,991.1302653605,1,0,2
20.51415909696027,47,1488,1422,999.0682081512896,1,0,0
20.736303782636774,37,1355,1689,1183.5313682506344,0,0,0
37.92383203860055,26,1742,1900,912.7185192235611,0,1,2
29.11460686531577,74,1856,684,928.8816723046286,1,1,2
36.53489923637511,21,1557,1511,948.0913866103283,0,1,2
29.72464527434389,57,1625,1624,1068.638953376204,0,1,2
22.13727934278992,90,1379,2669,906.6425011520346,0,0,0
17.523141168507443,42,1606,560,1015.0831967426781,1,0,2
30.74622804391546,77,1505,221,1163.6863327885735,1,1,2
25.471116065430046,6,1284,1890,1047.6291103461701,0,0,0
35.3051409794769,37,1496,1751,1095.2163067299873,0,1,0
15.5540812677116,51,2195,799,1078.1575814093403,1,0,1
28.084420170404876,88,1318,242,1072.9735085119964,1,1,0
25.72840765091611,64,1348,2171,961.2875081814743,0,0,0
35.28353444240038,40,1458,1073,1104.0330142975206,1,1,0
17.565014171671887,32,2011,1748,1089.7836923713676,0,0,1
24.363832246642687,63,1237,1736,1046.9114243911479,0,0,0
36.79163263580955,44,2027,1534,1184.2881310308278,0,1,1
18.878803513029624,3,1966,531,983.7903789040265,1,0,1
29.861001657067824,58,2012,2604,1192.4221386481513,0,1,1
29.34198328847142,21,1668,1114,1103.3371726590294,1,1,2
33.775613034426385,48,1473,2131,1046.1565030760623,0,1,0
31.79422853390624,98,1436,66,1081.198783570395,1,1,0
23.056745197610315,30,1302,1431,942.6286778416659,1,0,0
34.370669778917744,56,1671,2043,983.325118556976,0,1,2
18.3456064752907,67,1985,2767,1099.3140189924675,0,0,1
20.092004003587828,76,1741,1323,1019.3330342117041,1,0,2
22.752379923888363,58,1331,1921,912.7798319653276,0,0,0
31.026689321201584,69,1862,1048,1165.4465210649867,1,1,2
25.421623899877915,19,1440,82,1133.2675930587354,1,0,0
37.561478120762175,22,1768,1867,977.6892778008474,0,1,2
22.2339757092937,33,1489,1525,1139.0963842626638,0,0,0
26.75467550493497,52,1980,929,1139.351670166177,1,0,1
31.891115585805814,78,1706,871,947.8459467389374,1,1,2
30.524219283833688,51,1518,329,1117.5928570994317,1,1,2
33.41307772805837,92,1994,1922,982.0820500245185,0,1,1
38.46494100612598,46,1988,2624,1011.904204486123,0,1,1
33.476233096941804,68,1212,1346,1107.3762559622644,1,1,0
21.88660966595718,49,1496,818,1039.3156417973646,1,0,0
31.36168558446763,44,1725,1572,937.9238576010524,0,1,2
17.09066671174154,93,2112,2481,924.9648849593665,0,0,1
18.918961562770136,52,1370,1849,1188.7697553376108,0,0,0
26.252551918405103,29,2108,740,1133.2374331380263,1,0,1
36.30204283284017,2,1960,1704,1056.4490930676568,0,1,1
18.982551410149966,13,1759,1033,915.0872013163761,1,0,2
18.51922689230183,70,1633,2806,1073.4039808790867,0,0,2
37.60036582364059,94,1986,1385,987.7092115127957,1,1,1
21.01848440689355,84,1396,1912,974.4158097234535,0,0,0
17.962095693842397,37,1288,1554,931.4012239536717,0,0,0
27.609776940492743,78,1913,316,1021.7146205263853,1,1,1
36.898487478703075,18,2186,2214,979.402312135147,0,1,1
31.12752002028282,33,1804,2565,983.5397019860613,0,1,2
31.46284824658852,36,1800,1614,979.2319476436834,0,1,2
27.40225036763926,59,1825,489,975.7457274336506,1,1,2
24.81885798602098,80,1758,1882,1062.7643514168262,0,0,2
17.855700661094517,86,1484,2039,1158.279238951893,0,0,0
39.78880998082738,44,1642,251,1070.319725994213,1,1,2
30.81394226939654,46,1832,2268,962.0691551286243,0,1,2
37.27004664363796,25,1823,2221,1138.4354199848117,0,1,2
16.348502660373548,64,1477,915,1166.242237739616,1,0,0
35.637718276284005,38,1222,1485,1075.968706390107,1,1,0
31.14684798598874,38,1986,179,983.3645658564059,1,1,1
22.01689016127823,67,1395,1424,1114.9907421945945,1,0,0
21.276550537644958,67,2036,1097,1138.171940129304,1,0,1
27.092283691644962,67,2009,733,1051.5261652783083,1,1,1
17.432384305069387,22,2016,2408,1004.0776311644358,0,0,1
36.044761402535485,22,1825,226,978.7987660231286,1,1,2
22.199941904299752,78,2035,455,1190.642515045411,1,0,1
24.408034690052673,23,1686,2941,1070.7475704233875,0,0,2
21.45825051431159,83,1977,1970,1023.7827236562483,0,0,1
22.20335521311275,28,1657,1983,910.3294218917862,0,0,2
34.435601619897795,34,2103,1157,933.1884282311421,1,1,1
37.20528002547867,67,1471,2028,1036.0989611255575,0,1,0
25.24985372933583,70,1450,1684,1092.686140982165,0,0,0
19.225548681495127,7,2071,1469,913.6840213859846,1,0,1
28.247117588592733,33,1394,1007,921.4915927783807,1,1,0
37.64138403185665,94,1491,430,1194.7887538274076,1,1,0
36.397427453359185,55,2192,1286,947.3674025702175,1,1,1
19.1420196260882,46,1776,1894,1070.9847621028289,0,0,2
22.66192475917807,76,1489,239,1162.5952426804338,1,0,0
35.40193280288161,99,1935,861,1196.1501808828937,1,1,1
38.25505780383111,90,1443,1486,940.5517109337285,1,1,0
35.140650514398516,21,2174,4,942.0897231791986,1,1,1
27.833084358059224,42,2045,2998,1038.6627921104232,0,1,1
39.813038155175924,6,1940,2363,1163.624641291977,0,1,1
25.036945768472712,37,1850,338,1196.3536485211266,1,0,2
27.536742271260085,4,1774,915,1141.0482825749266,1,1,2
22.46591779807482,29,1777,2422,931.5434434605089,0,0,2
18.893268961359407,51,1415,2733,1122.7576599544968,0,0,0
22.46586670327504,82,1652,2387,1193.478344730836,0,0,2
28.803486754952623,35,2167,135,1127.1285104990916,1,1,1
32.18102943765535,34,1489,572,911.4985764116478,1,1,0
28.683900373861235,27,1947,1830,964.7626154988549,0,1,1
28.6862372447518,13,1475,211,1083.09452588868,1,1,0
31.197931098634776,62,2106,859,1055.571481984593,1,1,1
38.19978294913327,15,1722,2239,909.5757599340895,0,1,2
35.07574422126419,0,1820,987,1153.5035507624855,1,1,2
29.21680857111663,68,1211,2851,1142.5797246822856,0,1,0
36.74088064341396,88,1305,631,907.2132243562996,1,1,0
23.975179759049766,50,1973,1825,1167.9212347202847,0,0,1
16.044537803726882,65,1642,1529,1035.390755034023,0,0,2
23.611817896440037,79,2087,1672,921.9161657638759,0,0,1
18.832174611402472,25,1463,844,1172.9202043595026,1,0,0
39.704191541544034,94,2092,2101,922.7446610733512,0,1,1
24.160427151373312,96,1713,2205,923.9286759720808,0,0,2
29.06120336338364,50,1646,841,1147.6161139263922,1,1,2
19.65496736411237,93,1551,823,1056.1497158984948,1,0,2
31.798740511541524,87,1910,691,1027.51315806419,1,1,1
20.45059913356031,36,1445,1580,912.9273744589221,0,0,0
39.73216072968172,8,1677,1903,1016.4154754789826,0,1,2
16.914801773375004,30,1266,1137,1074.9986006691615,1,0,0
30.315521449888706,11,1990,1497,1194.141462915085,1,1,1
32.16416072234361,51,1803,1260,970.73491527177,1,1,2
19.35622177948573,67,1566,652,1195.4744228352902,1,0,2
29.742217126448466,83,1522,1054,965.111192174067,1,1,2
33.50285028008156,87,1713,906,1198.067645225614,1,1,2
32.099634391506584,9,2045,1510,1137.7067920652255,0,1,1
36.937766400794814,19,2187,1642,929.167671865263,0,1,1
39.20019407184748,63,2127,1964,1163.598407668877,0,1,1
16.04424018420682,24,2043,2141,971.7386197433793,0,0,1
31.321982427585947,57,2180,2058,1152.2462794684816,0,1,1
34.47311716684008,59,2012,2855,928.1558508884762,0,1,1
33.47564868585905,41,1485,2246,1134.487598509974,0,1,0
26.58818600616535,85,1984,407,1110.0770465037708,1,0,1
30.388288336781514,16,1337,1792,1165.3892951922112,0,1,0
36.074412894381254,61,1881,2332,945.4650702416401,0,1,2
17.784963119399933,44,1362,719,1179.9246287620458,1,0,0
33.208418849316494,18,2047,113,1112.326995440608,1,1,1
17.059267530614303,69,1464,1142,1062.479190560984,1,0,0
31.100478021701853,22,1286,2889,967.2656485836702,0,1,0
22.638432502642864,88,1377,1363,1091.4277567474358,1,0,0
31.195127810291808,93,2046,1529,910.179870520476,0,1,1
21.699875567047002,46,1958,1432,988.4381249410949,1,0,1
39.89905469152481,49,1595,208,965.0814578219819,1,1,2
33.77357828376429,71,1549,2321,951.6208375274758,0,1,2
15.086849666604552,39,1868,2673,1027.0220534895257,0,0,2
27.025055616505295,28,1234,2503,1095.7873092913164,0,1,0
21.634949437222872,8,1382,1871,1166.5162137166737,0,0,0
17.7203610689333,48,1661,104,907.0254835163172,1,0,2
29.945395866070275,64,1619,2299,996.7917145764999,0,1,2
24.477204990933,72,1327,233,1070.1993934865889,1,0,0
24.05005077374946,57,1515,1988,914.2809041149316,0,0,2
34.90249541056183,39,1517,2625,1030.693410162142,0,1,2
17.84205291964077,23,1612,961,1089.4745362639526,1,0,2
18.875940194655406,98,1534,2685,1028.8665924451336,0,0,2
31.405757404047222,91,2035,1194,1046.1514782711272,1,1,1
33.807216136491746,97,1460,2499,1069.7663671614919,0,1,0
19.51979149541026,75,1200,2925,948.784411930988,0,0,0
34.85789526545388,41,1300,1228,1086.2236802511984,1,1,0
39.060142510616615,11,2042,1803,1175.444680211304,0,1,1
16.895084169132033,12,1269,2920,1121.6987712264201,0,0,0
34.94199738322618,60,1524,1715,1073.5095382861468,0,1,2
20.393064092237122,91,1453,1953,922.6850224728051,0,0,0
17.681118458472863,10,1839,295,1002.2330093345504,1,0,2
17.684785077124427,94,2016,1010,967.3944432922401,1,0,1
27.164459305322477,5,1997,1729,1043.2670028476416,0,1,1
24.62155635747714,100,2178,590,972.3753201516637,1,0,1
32.86011366425078,31,1832,851,948.6960689614742,1,1,2
32.52080981530713,74,2080,568,1144.802917498646,1,1,1
36.759204231770795,13,1562,804,1034.9488646028053,1,1,2
26.034297963157506,98,1343,2141,921.1021523216906,0,0,0
27.9185858595559,2,1605,2554,1144.5284113136274,0,1,2
27.564806655768965,76,1230,2002,1165.7268812532084,0,1,0
23.668119570934024,77,1846,2639,959.5332662792532,0,0,2
24.07029306546301,59,1371,857,1016.7524957099556,1,0,0
24.388411059006312,43,1394,762,995.4056150910421,1,0,0
29.546736010271495,39,2060,351,1126.9097181119096,1,1,1
33.69012469300279,27,2007,63,1100.956631658081,1,1,1
29.855143209161533,31,1535,1657,1129.8141502216747,0,1,2
18.431187386064483,99,2171,487,1073.6981701374077,1,0,1
16.307274860662147,91,1455,2497,932.277562933471,0,0,0
39.67231037330896,78,2091,992,1011.8719109850138,1,1,1
28.990297729533147,68,1997,100,1179.9675730139818,1,1,1
26.205726030872924,27,1466,350,944.9872741000904,1,0,0
33.24004384505964,71,1232,2935,920.8696720657019,0,1,0
22.609768984949348,82,1617,2142,956.4173293109944,0,0,2
37.88990027189796,97,1607,1337,997.2646938363446,1,1,2
30.154365788027583,15,1423,1387,1128.257472662167,1,1,0
36.51402638211769,13,1220,1190,1017.6418520723864,1,1,0
18.299131044131055,76,1498,1565,910.2562858698931,0,0,0
31.88272829991669,7,1859,820,1091.1952891382273,1,1,2
39.10800235099305,33,1654,700,929.8481145396503,1,1,2
29.867066773720165,19,1484,1405,1010.1341554818925,1,1,0
18.57299896240213,30,1241,2044,913.6935319894783,0,0,0
36.1918401135466,22,1209,1875,1148.4016393770248,0,1,0
15.0443128770571,59,1982,804,1178.1217117654471,1,0,1
16.823631099864,65,1838,2180,1184.8664212677277,0,0,2
28.930745392999896,92,1346,1194,1161.204243142525,1,1,0
36.26510495324508,1,1807,1943,925.0347910805137,0,1,2
25.64280255323733,84,1980,54,1104.2003047241358,1,0,1
29.83683359172175,15,1607,538,1040.8603552534585,1,1,2
31.652994893221404,35,1276,2145,962.771519975875,0,1,0
38.43471833592197,42,1904,2739,1081.260650627512,0,1,1
17.0575494143292,67,1827,653,925.2461817485647,1,0,2
37.44773934240672,5,1969,2343,1198.832043471966,0,1,1
17.120064403520704,43,2083,1817,1092.136811355822,0,0,1
34.65550541987381,75,2041,283,992.8510305358284,1,1,1
16.303639406068488,82,2000,2318,900.8554668878036,0,0,1
23.57751816553116,9,1230,143,1126.531919705848,1,0,0
28.255008603815227,72,1400,2121,1049.892844273991,0,1,0
34.333928244937724,50,1960,2619,1030.2463316991148,0,1,1
24.839133633837356,1,1448,1633,1172.2207657717624,0,0,0
26.778119626903205,56,1489,1022,1023.6825433803318,1,0,0
29.583922825126848,60,2056,408,1180.6829380121603,1,1,1
22.269402591843768,5,1728,1613,933.2215276321684,0,0,2
32.20821620520945,44,2016,580,1114.1149335529828,1,1,1
28.510183540449653,15,1946,572,966.5873641871821,1,1,1
27.734616149331927,24,1823,2305,1184.3792468963034,0,1,2
19.544995773565837,28,1417,2926,1160.907082847797,0,0,0
27.27615987317975,31,1905,2001,1181.1484697640271,0,1,1
34.39500714869879,66,1556,2705,1024.2888759449802,0,1,2
28.630772818395215,35,1373,650,1058.429040096019,1,1,0
18.377716614655156,29,1615,1092,912.4591273791965,1,0,2
20.710638585275788,35,2063,2075,947.6994257716983,0,0,1
30.515076014291814,66,1601,1864,977.5307045250346,0,1,2
19.485455488326522,91,2113,2530,1010.1366501635641,0,0,1
16.440069165962875,77,1679,594,1057.9017305739023,1,0,2
26.28799211349962,52,1807,604,927.129635384828,1,0,2
21.29757416796806,84,2085,2010,1172.8909984949962,0,0,1
25.916009417478023,0,1673,2435,974.1628537379324,0,0,2
22.61397455350248,91,2131,2543,944.8259162996094,0,0,1
15.509837348330839,16,2012,795,990.3322733201678,1,0,1
28.98671919351876,80,1902,1998,950.0909939120589,0,1,1
24.322487790575444,99,2193,324,1069.5076694708732,1,0,1
23.26668222145554,16,2021,2004,901.6310372963599,0,0,1
28.63969055743813,6,1603,773,913.0185735896421,1,1,2
29.055663949370107,57,1440,2143,1148.3841016754861,0,1,0
31.644869185890673,22,2036,1412,949.260860433343,1,1,1
20.291307075544985,78,1788,2117,1196.3714786044177,0,0,2
37.377553766796225,57,1820,360,1124.4671960665391,1,1,2
25.740988806984305,92,1890,32,943.0345225570062,1,0,2
26.80233725965566,100,1551,2811,1089.2989346574604,0,0,2
34.07211803823435,3,1393,960,1142.6668693618565,1,1,0
26.68835306576991,80,2104,2273,1013.9226769701038,0,0,1
16.49944398450265,4,2033,647,992.4316732634423,1,0,1
28.015747679528292,35,2164,2233,901.696782686666,0,1,1
36.61512513842236,77,1321,1867,1194.2233388649202,0,1,0
29.434980318973913,59,2030,2301,1172.5215006039543,0,1,1
39.746494729876844,16,2063,1886,950.1466127773125,0,1,1
28.61642124576497,35,2021,1171,994.0424381137087,1,1,1
37.36371647834417,87,1974,1678,1094.252073417396,0,1,1
34.16364189406773,27,1576,2508,1096.210877895379,0,1,2
26.719783011044335,96,1761,1553,1100.4728971257155,0,0,2
28.24023418667354,28,1542,2506,1085.9375378419215,0,1,2
22.863652207036495,49,1528,2023,1126.8443295467446,0,0,2
23.62515646804645,97,2165,239,951.3510635207278,1,0,1
39.54489906197264,38,2067,996,953.757063366482,1,1,1
31.39666903234846,79,1999,1869,908.3448902647635,0,1,1
24.100933595488897,10,2023,1497,1095.5927664223173,1,0,1
21.934109391724473,26,1945,1895,1173.2976129120384,0,0,1
39.95201405892743,82,1294,408,932.1144173872697,1,1,0
15.08543724544759,27,2106,76,943.5039059467142,1,0,1
25.179268326399182,86,2057,1817,1190.3802456421408,0,0,1
35.979158092521274,85,1999,2870,1197.5245059608917,0,1,1
28.406621076689564,53,1499,66,983.0678214730274,1,1,0
28.409013640526748,27,1410,2807,1163.7125551853173,0,1,0
37.48821317019001,94,1691,1773,1170.1958692154458,0,1,2
27.293453434419852,87,1211,2018,1125.2379485558838,0,1,0
18.27660580388422,19,1758,2785,989.170268099217,0,0,2
24.22809574707542,65,1377,583,1148.1847227706978,1,0,0
31.910999473802775,8,1627,1270,1039.1029560722106,1,1,2
23.07799570051702,71,2130,2118,996.3924287163195,0,0,1
15.561014811752097,68,2036,1794,1043.0588056216284,0,0,1
16.695321968272566,46,1331,246,1121.2817682116413,1,0,0
18.433473270726147,42,1750,819,969.8704397406824,1,0,2
36.8178386699244,76,1514,1803,978.2381109118728,0,1,2
22.232044799709374,35,2010,1800,1058.0574380426988,0,0,1
18.45333024824509,1,1316,317,1182.4728174922177,1,0,0
33.38574156761562,70,2157,1736,933.1964844047073,0,1,1
36.02557622081899,30,1315,1935,1058.041455770534,0,1,0
31.80580722312211,25,1382,677,1162.3081195429352,1,1,0
23.01987288680344,12,1323,1972,951.248790604621,0,0,0
29.592111690582065,24,1802,2216,1135.7439780194377,0,1,2
16.500333865884013,48,2065,62,921.0191476768456,1,0,1
16.919578775138675,42,1523,390,940.0077152840829,1,0,2
22.540346992005375,5,2176,1148,1136.0811677182135,1,0,1
29.724719278137833,47,1351,65,1017.5757522783882,1,1,0
39.89758120437854,55,1291,406,1176.1188900492484,1,1,0
19.218962178750417,89,2064,1083,1102.2436708952616,1,0,1
28.540427195395594,0,1711,928,1024.2647685644845,1,1,2
20.186045067936526,5,1428,489,1033.0388560686852,1,0,0
18.438231047487225,28,1755,1792,951.5970082075019,0,0,2
26.533917036454817,45,1923,1980,1014.7651982125656,0,0,1
29.223561416143482,100,1548,9,952.1391513032589,1,1,2
27.997386970803124,91,2018,645,1034.1665520543875,1,1,1
22.135768800515482,97,1498,2805,1020.169600599479,0,0,0
27.38098012124989,32,1327,1593,1183.8752424834968,0,1,0
20.63914081095917,90,1731,2555,1065.862120729823,0,0,2
39.36140548566746,27,1770,2279,1144.8123517557085,0,1,2
18.448740435138067,16,1553,2428,1093.1041191154836,0,0,2
27.907532051900176,90,1932,2511,1149.9483437804647,0,1,1
30.069630258489767,75,1820,2723,1080.211900538507,0,1,2
21.67384578218564,74,1938,2571,962.010865809274,0,0,1
32.102085012229004,64,2165,2369,983.0271368617559,0,1,1
26.66916984412832,72,2094,463,1050.5418546270594,1,0,1
31.505779201111416,73,1969,2252,1106.9095439875073,0,1,1
37.67084488022109,53,1897,1430,928.9269629563028,1,1,2
35.86051205694976,9,1800,2055,1068.3562773023696,0,1,2
30.458187234266166,88,1544,2096,945.0566693773545,0,1,2
27.698999696613267,26,1920,2037,1059.866599166399,0,1,1
19.069674051298364,19,1274,1070,1031.4576242863018,1,0,0
31.04667056041847,94,2097,913,1183.25826366839,1,1,1
39.34113814763051,93,1885,1083,1136.8472108312048,1,1,2
16.243305236948082,32,2152,142,1165.5088804122831,1,0,1
31.90974819612817,2,2054,1169,1129.2151288414755,1,1,1
26.612959689993126,64,1816,1270,1001.6018451822871,1,0,2
29.738924686259097,86,2125,37,1066.0038698810827,1,1,1
28.87498846876743,55,2144,1154,1097.8149092480671,1,1,1
35.04642186214656,53,1974,2475,961.3371177609122,0,1,1
18.277108315217337,98,1849,1099,990.9567259710302,1,0,2
31.62903966898839,91,1445,2978,918.8273167658439,0,1,0
38.94878774105841,79,1862,2420,900.7730618220605,0,1,2
25.01350454264746,81,1627,2938,1118.002809626855,0,0,2
23.852769962909154,4,1588,2371,965.0194109504313,0,0,2
28.077498871952848,10,1265,35,1154.9130411550345,1,1,0
17.125388826192683,88,1937,1045,1090.1091191727303,1,0,1
29.506781510013433,5,1444,844,1024.2222255831712,1,1,0
35.15388038590838,10,2121,2176,1198.4811922322476,0,1,1
17.428744690588836,79,1606,525,910.1677796765655,1,0,2
33.10479632048744,31,1798,2803,939.10827303532,0,1,2
35.27449053470451,21,1973,2307,1126.8696138549458,0,1,1
31.03783158451484,91,1713,1897,1072.0189843163796,0,1,2
30.615061010695626,46,2051,2984,1111.3744025203628,0,1,1
23.85054959776761,21,2104,859,1005.9973122620138,1,0,1
28.055521897626324,94,1843,1030,978.678942284386,1,1,2
38.581062059435155,94,1234,249,1110.1570898967432,1,1,0
39.91486060412885,10,1518,1019,1087.0150041333675,1,1,2
31.341965900341435,8,1644,1703,985.2488734073934,0,1,2
37.27869953279063,37,1397,669,992.7234476006065,1,1,0
29.616121473267746,11,2023,1449,1064.6333626589824,1,1,1
24.225529466006485,40,1672,413,1044.4838032507728,1,0,2
37.31078347976458,95,1879,1725,1190.2127292123982,0,1,2
21.500635357555907,24,1832,1365,996.8141747288602,1,0,2
27.172556256986546,95,1309,1256,1171.1188817880386,1,1,0
27.065582946827053,70,1638,2221,971.9301314532065,0,1,2
23.40194391519556,27,1651,440,1112.3976900994755,1,0,2
29.014298443062508,50,1308,80,1161.8269437606682,1,1,0
35.9652253575582,3,2096,2173,1136.0048113575442,0,1,1
30.09963220229436,36,1999,1596,1024.9834867753798,0,1,1
37.11983622490701,2,1645,106,1191.6576848621055,1,1,2
15.478625843024707,9,1506,1558,1123.764100373231,0,0,2
28.996286483671902,50,1205,2793,948.8606205741708,0,1,0
26.18026059976402,47,1585,2332,1098.5168420825273,0,0,2
32.147092424822695,69,1687,2604,1132.5104655452187,0,1,2
17.800980678800403,77,1664,1258,969.4129344576022,1,0,2
26.967999222743817,99,1596,766,939.0930870513848,1,0,2
32.25097944775915,88,1920,49,1163.4099120930287,1,1,1
26.90350235478511,36,1574,2399,1116.9899091531756,0,0,2
21.63096663268717,25,1438,120,1125.471734061964,1,0,0
18.615449168695168,54,1255,1205,1090.606783142993,1,0,0
37.63632389732938,96,1503,2569,1154.3096905152477,0,1,2
26.16810012688001,74,2170,813,1115.6715611581772,1,0,1
21.795454577887018,79,1476,895,985.476232099505,1,0,0
32.59906672730363,76,1981,2400,1099.3406877144275,0,1,1
26.679985581396707,42,1664,1014,1034.2963436950045,1,0,2
30.543077896935046,100,2060,149,1068.264194879517,1,1,1
36.17376055793163,63,1287,2419,1084.610544750196,0,1,0
32.781567387737155,12,1493,1888,1079.0229773967135,0,1,0
24.47447426208354,53,1311,196,960.5597849170492,1,0,0
34.33417655233176,72,1814,1287,986.1985608666821,1,1,2
32.93763495713992,64,1922,226,1112.416617740401,1,1,1
27.269668747080104,79,2081,981,1155.0801101989898,1,1,1
33.29976087411445,32,2184,2831,1158.1741403616456,0,1,1
34.746953749671036,94,1382,1673,1012.9130283051712,0,1,0
31.94655859044954,2,1305,1589,1056.1805299530206,0,1,0
32.41649846169983,3,1323,962,1195.9894274412623,1,1,0
39.40111069322683,8,1992,1271,1085.2658495287128,1,1,1
18.962473345552084,50,1833,1000,1063.1981254831826,1,0,2
18.55665394419791,44,1219,2034,1063.5126353745793,0,0,0
34.6532374392107,18,1562,1354,1184.772737143037,1,1,2
31.692989125973156,60,1433,2270,1167.7604342202635,0,1,0
23.254962731749977,95,1565,2445,1094.5740570413368,0,0,2
39.61988862931203,65,1410,2638,1035.3360735237684,0,1,0
33.71813558672952,29,1429,1051,1089.56399092947,1,1,0
29.699283662988826,65,1368,1325,927.6847681840725,1,1,0
39.19105326352479,96,1783,213,1083.712900624012,1,1,2
29.777169296892637,28,1797,2623,1021.5167391175838,0,1,2
39.06113288513518,2,1265,1197,1198.132254260577,1,1,0
24.37464546672587,12,1242,777,941.2371312980423,1,0,0
20.079455887031465,62,1570,114,990.0758993845017,1,0,2
16.41919603866155,3,1402,2116,1151.1337875455044,0,0,0
17.83663605421607,77,1384,2854,993.5034180969872,0,0,0
36.388548595229665,11,1984,2868,1082.2728332489323,0,1,1
21.8262225711876,10,2114,962,1039.2586820954698,1,0,1
26.7520655851432,19,1458,580,1093.6851948604028,1,0,0
16.164245975192312,28,1740,2998,1189.329559323219,0,0,2
35.063284267583626,16,1647,790,928.3509877482472,1,1,2
29.324503967249285,45,1718,754,978.4218247936942,1,1,2
27.666181138201896,10,1629,2093,1032.5219413240973,0,1,2
15.48439803564411,31,1430,1890,1118.548839551326,0,0,0
33.91858409395786,88,1431,2895,1056.1647108496627,0,1,0
32.19069268448639,42,2062,1826,1014.4846674373595,0,1,1
21.15096280341095,63,1420,1317,1158.1584738700953,1,0,0
19.764438574761282,1,1369,1741,1101.1787009106124,0,0,0
33.09343143065605,56,1902,1992,1142.188795264466,0,1,1
38.27528964551026,14,1704,2302,1160.2300548297126,0,1,2
27.05227708233692,28,2027,418,1137.4435584006437,1,1,1
30.64122321402456,1,1899,1413,1050.9031442045393,1,1,2
15.025952063392207,9,1714,2761,999.9672328072792,0,0,2
26.50649324443136,35,1658,2021,914.3179385035115,0,0,2
39.06547781513279,17,1331,2724,1018.5946181530824,0,1,0
25.365072057834816,13,1378,1284,1106.6994083052239,1,0,0
39.88813845425082,26,1591,23,1114.186016185362,1,1,2
34.789589663075574,61,1846,224,961.864976183005,1,1,2
20.44705800565503,38,2027,2736,1024.9618942722707,0,0,1
18.70487501306117,78,1291,2693,1138.2435215884088,0,0,0
38.91501302813364,25,1759,2168,981.6799828847608,0,1,2
27.70755305739636,59,1370,1768,939.04897904597,0,1,0
34.689134839736994,32,2139,2625,989.0263946016231,0,1,1
28.18633192753321,48,1819,2950,1038.895621583786,0,1,2
30.414272510504723,90,2050,2825,1156.707525907768,0,1,1
36.44295800252339,52,1819,732,1174.9758036527203,1,1,2
23.757738871730254,38,1502,2165,1048.264738188553,0,0,2
26.350151923229703,42,1218,2885,913.9425626812991,0,0,0
20.896504872240545,80,1478,349,910.9667354151383,1,0,0
25.46577661846571,41,1680,724,1125.16603380891,1,0,2
16.439744951632257,92,1626,1299,1163.148473360465,1,0,2
31.920318793707974,49,1596,1011,942.151536655339,1,1,2
21.18543814070686,40,1788,1100,1104.439418772182,1,0,2
24.492452520992817,89,1279,2128,935.388881696402,0,0,0
25.375207709920847,16,1611,2904,1174.7195305900377,0,0,2
32.11862913521429,61,1592,2170,1196.640381585959,0,1,2
32.64796003971547,98,1250,2008,1090.232567153419,0,1,0
15.854191547920877,38,2116,1681,1079.007021619962,0,0,1
23.51591807122722,31,2144,1788,973.2069480951282,0,0,1
15.5885799312845,93,1461,1965,942.9622637430662,0,0,0
30.549284048407678,8,1725,37,960.9988230147961,1,1,2
32.72970591149614,72,1250,282,1101.0522053550962,1,1,0
23.634242896218808,58,1777,1480,983.5784026236861,1,0,2
17.351926683996027,20,2197,543,1121.553584543265,1,0,1
23.243943736043263,37,1902,1197,1071.8437061199297,1,0,1
39.7337518103259,89,1940,568,1050.054283309716,1,1,1
28.83650689934388,86,2088,340,1136.4768553239078,1,1,1
15.705294487365373,42,2074,514,1161.0442580238541,1,0,1
33.38835592679947,40,1280,461,1081.0494404373458,1,1,0
16.09452076334856,66,2122,871,1142.59621291552,1,0,1
26.355669580320427,33,1359,356,947.015518844701,1,0,0
20.904195524950346,18,1896,1007,1131.4000336406211,1,0,2
17.91300468313257,61,2051,1929,1007.7748667247162,0,0,1
39.49521801770621,79,1488,2886,1190.2584115902073,0,1,0
33.1521328395871,88,2088,2209,1073.3835569542769,0,1,1
23.639184733761734,41,2000,336,1110.2906112759058,1,0,1
36.94076936197732,100,1501,448,928.2801382137268,1,1,2
19.002349465270935,19,1649,1557,954.9439540440621,0,0,2
36.737871180716795,95,1577,2714,1042.0159802527105,0,1,2
29.608063799924444,55,1410,655,1115.5630919745772,1,1,0
16.213246206184166,81,2022,580,913.7271598974515,1,0,1
26.652622943612762,34,2154,2233,961.8975458752051,0,0,1
31.576312053655524,56,1507,1350,1199.3684088088517,1,1,2
27.887091038939385,86,1865,2671,971.4414893929438,0,1,2
30.129199746146874,22,1938,449,1007.0626301753778,1,1,1
29.350175819574083,8,1241,590,1159.177689129933,1,1,0
30.19000530211963,10,1697,1159,1022.3277487035971,1,1,2
25.917763691414685,15,1423,750,1011.2578216788096,1,0,0
22.37641458596555,21,2183,45,1061.7137253166927,1,0,1
31.4225802340745,68,1699,2202,989.8274752933575,0,1,2
39.91991073007139,82,2137,1679,1060.264844157064,0,1,1
23.220817254533934,65,2070,2071,1199.2680405652243,0,0,1
21.43618046472409,95,2096,2022,991.629572220863,0,0,1
30.79218385841321,88,2023,2465,1151.908933561311,0,1,1
17.548222324907144,93,1959,2194,1058.788906818438,0,0,1
19.474280542845747,37,1321,1676,920.748083350097,0,0,0
19.77711513993746,76,1888,1997,910.8820484703234,0,0,2
31.032899350830334,3,1902,1884,1112.996654025619,0,1,1
38.16164493797599,1,2153,2840,989.5198181354526,0,1,1
18.2562221494726,86,1984,587,954.3965888733118,1,0,1
18.131732656783555,59,1521,683,1026.0678647697966,1,0,2
19.90213889978561,2,1385,1285,1186.7600730216616,1,0,0
37.93575874858969,38,1517,2193,921.6474275261261,0,1,2
35.7878386719176,68,1382,2079,917.3239191905988,0,1,0
29.650441225852013,27,1945,1298,1189.8510224718216,1,1,1
33.603835524799734,36,2021,2929,902.5836450938518,0,1,1
22.629172062927566,36,1427,1562,987.4513582923448,0,0,0
37.278225763565516,68,2079,125,935.6935417802787,1,1,1
18.961585210470776,51,2013,2662,956.7621981908355,0,0,1
16.243989468492536,90,1867,2870,1147.4303774502791,0,0,2
36.766407366075306,93,1357,1074,1110.6988834198935,1,1,0
24.81104117622659,43,1779,1867,924.9419986489231,0,0,2
25.55251159300707,38,1300,1172,925.8697730769591,1,0,0
37.921715392392436,11,1855,280,963.5137884589689,1,1,2
26.703559119883984,30,2122,2358,912.0889156693581,0,0,1
36.66472145346074,57,2195,2002,1031.2754753138308,0,1,1
17.459362588326556,86,1646,766,964.7397397218933,1,0,2
25.487365267144764,95,1693,1135,943.9448735130821,1,0,2
28.80128956398599,21,1781,2607,1108.8138213570728,0,1,2
28.269739513207995,19,1305,1773,1143.3120385051818,0,1,0
25.48052244917813,57,1316,2608,910.0751884938315,0,0,0
21.859250370011104,35,1631,2570,1192.5499615131878,0,0,2
34.82906781827111,83,1271,1458,1019.7589952727576,1,1,0
22.162073045683513,40,1317,1769,1106.2419593481088,0,0,0
31.480388848572595,63,1850,654,1065.6898354624218,1,1,2
39.870617394484896,43,2020,44,1081.886107109645,1,1,1
30.858639357111088,53,1598,1489,1002.2000379663343,1,1,2
25.656056610658055,17,1542,2512,1036.0998841283704,0,0,2
23.96057682904091,9,1884,2632,1012.866575783277,0,0,2
38.49780939742205,33,1484,1645,1199.1334576418046,0,1,0
18.74937364118977,96,1764,589,1047.2448219182982,1,0,2
16.98858153346167,24,1807,2050,973.1214672670964,0,0,2
24.778738919332003,84,1358,2299,1169.1049465839042,0,0,0
17.643685696310726,62,1606,1571,1092.845858930713,0,0,2
22.11832612200442,83,2151,1882,1112.2276506190024,0,0,1
19.716560202313566,59,1508,595,1199.3038912577617,1,0,2
36.13686044514928,1,1465,1703,935.954595340645,0,1,0
18.013030344803084,93,1328,2747,940.1825545454666,0,0,0
28.264987460789136,42,1678,2689,1014.5024775784218,0,1,2
15.461037485185734,41,1556,2765,1187.0847343221492,0,0,2
36.60471922331164,79,2197,1832,1015.582948742519,0,1,1
16.460364490813877,97,1827,1965,1138.2542847423647,0,0,2
27.27507093548625,17,1564,1707,907.6711979832537,0,1,2
26.26124401865662,83,1753,449,1112.3100145718158,1,0,2
32.64689247555046,38,1775,960,1135.7858811733267,1,1,2
27.423963178668092,56,1692,52,1197.2323123355143,1,1,2
26.39866067967437,72,2038,222,1084.9311885411144,1,0,1
32.47829723791876,40,1271,1582,1158.6915930558873,0,1,0
35.64635384568129,91,1810,904,1068.1375273837677,1,1,2
34.92134184767558,23,1664,1023,1124.719896174789,1,1,2
37.9088997283849,95,1266,2246,1105.7070932837319,0,1,0
23.26424934924681,0,1221,1990,991.656143437428,0,0,0
20.394111553106324,78,1538,620,905.2804477318904,1,0,2
32.352614322951595,95,1308,1443,967.8228296467423,1,1,0
22.278390608739578,100,1662,1835,1068.9399203124337,0,0,2
39.592052237958306,48,1289,855,1132.849944317617,1,1,0
35.93393163328024,91,1270,2616,1036.9847920879265,0,1,0
27.839171753863262,84,1670,1263,1166.16242265481,1,1,2
21.834347647989638,70,1325,2925,1021.3146721667697,0,0,0
33.217138340030985,10,1477,2699,957.5798064609846,0,1,0
16.175183882739834,84,1375,1379,1183.426854410241,1,0,0
30.468087872933737,12,2049,1911,955.0306097666931,0,1,1
24.13389442351598,90,1730,850,992.5684164092429,1,0,2
27.123508259009224,21,2043,2710,1022.0670334867737,0,1,1
34.162144683281284,65,1592,2412,1141.1771199440066,0,1,2
20.185516013643877,28,2152,1334,930.0298299820578,1,0,1
16.789887089419366,41,1655,1410,1191.7816116693325,1,0,2
25.8111561539423,39,1958,2300,1103.1349762514124,0,0,1
21.370194512776088,37,1285,1591,920.6655646201136,0,0,0
19.870772720297133,91,1708,457,1129.0254844190697,1,0,2
36.923974527689836,5,1719,1289,1199.028262017992,1,1,2
21.22679730736558,71,1599,1065,1003.2463125681544,1,0,2
19.368604591886314,22,1829,214,958.1600656984436,1,0,2
37.98123882014642,13,1647,2931,948.7832530673127,0,1,2
15.854183117804554,38,1315,2528,1042.091835395877,0,0,0
25.730942418716506,51,1327,2166,1052.834641702147,0,0,0
37.469822501732835,77,2072,1991,944.3362785301405,0,1,1
25.10554367543991,68,2017,1238,1033.3300330038958,1,0,1
32.820153916127595,35,1500,571,1005.8937290883678,1,1,2
25.140572899360226,36,1663,2364,912.5197892306165,0,0,2
22.202591951378608,76,1831,1705,1137.178690475012,0,0,2
17.669188771535378,10,2192,184,1115.650265340054,1,0,1
30.453475937377995,82,1542,462,938.6505296503124,1,1,2
24.296937345793186,44,1376,997,1085.0029175743505,1,0,0
38.63339154556253,76,1605,857,980.937695956615,1,1,2
21.730855518447303,14,1404,2041,1133.1383628919325,0,0,0
26.6559016017159,61,1946,2942,1016.4007272842424,0,0,1
31.14166493516191,84,1327,1759,1172.164157981516,0,1,0
22.33819215529997,13,1613,1284,1187.0987643555254,1,0,2
18.752839077028707,9,1889,1397,1003.0615669477901,1,0,2
16.135779281877536,56,1348,824,1183.2320397141414,1,0,0
16.86010269498355,41,1334,1595,1152.3843184039085,0,0,0
28.40722660264177,70,2157,2818,1139.316660869441,0,1,1
18.150597348205846,89,1574,861,1014.6973613546362,1,0,2
21.602476886888507,88,2024,2051,973.73778412047,0,0,1
37.72609045769793,54,1353,513,1165.7994486989983,1,1,0
25.864348987466514,3,1493,97,1027.613520427284,1,0,0
20.706833845394264,22,1269,1337,1143.0740762508453,1,0,0
17.38961741529879,18,1261,1625,1159.9753212947726,0,0,0
18.46549791529638,88,2187,2241,1153.5405821140153,0,0,1
20.4745249969103,49,1701,168,1082.0815408920748,1,0,2
30.964184730436585,53,1774,210,1091.9925447010714,1,1,2
36.197298932397345,88,1586,2857,948.3255157441056,0,1,2
32.019902381669354,21,1853,2367,1134.67840732786,0,1,2
18.08138286330265,29,1871,2364,1184.3866421548337,0,0,2
28.073232960264864,76,1439,2178,1066.9298558621383,0,1,0
